{
  "project_info": {
    "project_number": "573933760317",
    "firebase_url": "https://doit-ebffd.firebaseio.com",
    "project_id": "doit-ebffd",
    "storage_bucket": "doit-ebffd.appspot.com"
  },
  "client": [
    {
      "client_info": {
        "mobilesdk_app_id": "1:573933760317:android:1649f5b722f980f78f1f54",
        "android_client_info": {
          "package_name": "com.techdecode.doit"
        }
      },
      "oauth_client": [
        {
          "client_id": "573933760317-nehkk94oe19urklglu1c6knin4q4utfq.apps.googleusercontent.com",
          "client_type": 3
        }
      ],
      "api_key": [
        {
          "current_key": "AIzaSyD_kBJf3NzHNpiuGPGmXrk4U7bZe_By3QI"
        }
      ],
      "services": {
        "appinvite_service": {
          "other_platform_oauth_client": [
            {
              "client_id": "573933760317-nehkk94oe19urklglu1c6knin4q4utfq.apps.googleusercontent.com",
              "client_type": 3
            }
          ]
        }
      }
    }
  ],
  "configuration_version": "1"
}